Model,Test_Accuracy,Test_Precision,Test_Recall,Test_F1,Test_ROC_AUC,CV_Mean_Acc,CV_Std_Acc
Logistic Regression,0.905,0.9060150375939849,0.905,0.9049405878674172,0.9688999999999999,0.9075000000000001,0.033865542960360165
Random Forest,0.905,0.9069942719324692,0.905,0.9048834822657755,0.96815,0.885,0.03025929609227551
Gradient Boosting,0.915,0.9170435132147523,0.915,0.9148957472904309,0.9722,0.8787499999999999,0.023251344047172825
XGBoost,0.89,0.89,0.89,0.89,0.9738,0.885,0.034820970692960286
